-- phpMyAdmin SQL Dump
-- version 4.5.1
-- http://www.phpmyadmin.net
--
-- Host: 127.0.0.1
-- Generation Time: 30 Jan 2018 pada 00.00
-- Versi Server: 10.1.16-MariaDB
-- PHP Version: 5.6.24

SET SQL_MODE = "NO_AUTO_VALUE_ON_ZERO";
SET time_zone = "+00:00";


/*!40101 SET @OLD_CHARACTER_SET_CLIENT=@@CHARACTER_SET_CLIENT */;
/*!40101 SET @OLD_CHARACTER_SET_RESULTS=@@CHARACTER_SET_RESULTS */;
/*!40101 SET @OLD_COLLATION_CONNECTION=@@COLLATION_CONNECTION */;
/*!40101 SET NAMES utf8mb4 */;

--
-- Database: `tubeses`
--

-- --------------------------------------------------------

--
-- Struktur dari tabel `tabel_lampu`
--

CREATE TABLE `tabel_lampu` (
  `kode_lampu` varchar(20) NOT NULL,
  `konstruksi_lampu` varchar(20) NOT NULL,
  `jenis_lampu` varchar(20) NOT NULL,
  `daya_lampu` int(20) NOT NULL,
  `merk_lampu` varchar(20) NOT NULL,
  `lokasi` varchar(70) NOT NULL
) ENGINE=InnoDB DEFAULT CHARSET=latin1;

--
-- Dumping data untuk tabel `tabel_lampu`
--

INSERT INTO `tabel_lampu` (`kode_lampu`, `konstruksi_lampu`, `jenis_lampu`, `daya_lampu`, `merk_lampu`, `lokasi`) VALUES
('5CCF7FEEE2D3', '1', '1', 1, '1', '1'),
('6001940C1073', 'C', 'A', 2, 'B', 'S'),
('A020A61883C9', '5', '4', 5, '5', '5');

-- --------------------------------------------------------

--
-- Struktur dari tabel `tabel_rekap`
--

CREATE TABLE `tabel_rekap` (
  `id_rekap` int(11) NOT NULL,
  `kode_lampu` varchar(20) NOT NULL,
  `kondisi` varchar(20) NOT NULL,
  `status` varchar(10) NOT NULL,
  `intensitas` int(50) NOT NULL,
  `tegangan` int(50) NOT NULL,
  `datetime` datetime NOT NULL
) ENGINE=InnoDB DEFAULT CHARSET=latin1;

--
-- Dumping data untuk tabel `tabel_rekap`
--

INSERT INTO `tabel_rekap` (`id_rekap`, `kode_lampu`, `kondisi`, `status`, `intensitas`, `tegangan`, `datetime`) VALUES
(1406, '5CCF7FEEE2D3', '1', '1', 47, 3, '2018-01-29 13:18:28'),
(1409, '5CCF7FEEE2D3', '1', '1', 47, 3, '2018-01-29 13:18:35'),
(1412, '5CCF7FEEE2D3', '1', '1', 48, 3, '2018-01-29 13:18:41'),
(1415, '5CCF7FEEE2D3', '1', '1', 47, 3, '2018-01-29 13:18:48'),
(1418, '5CCF7FEEE2D3', '1', '1', 39, 3, '2018-01-29 13:18:55'),
(1421, '5CCF7FEEE2D3', '1', '1', 40, 3, '2018-01-29 13:19:01'),
(1424, '5CCF7FEEE2D3', '1', '1', 43, 3, '2018-01-29 13:19:08'),
(1427, '5CCF7FEEE2D3', '1', '1', 44, 3, '2018-01-29 13:19:15'),
(1430, '5CCF7FEEE2D3', '1', '1', 47, 3, '2018-01-29 13:19:21'),
(1432, 'A020A61883C9', '1', '1', 113, 3, '2018-01-29 13:19:21'),
(1433, '5CCF7FEEE2D3', '1', '1', 47, 3, '2018-01-29 13:19:28'),
(1434, 'A020A61883C9', '1', '1', 109, 3, '2018-01-29 13:19:28'),
(1436, '5CCF7FEEE2D3', '1', '1', 39, 3, '2018-01-29 13:19:35'),
(1438, 'A020A61883C9', '1', '1', 93, 3, '2018-01-29 13:19:35'),
(1440, '5CCF7FEEE2D3', '0', '0', 155, 3, '2018-01-29 13:19:42'),
(1441, 'A020A61883C9', '0', '0', 251, 3, '2018-01-29 13:19:41'),
(1443, '5CCF7FEEE2D3', '1', '0', 135, 3, '2018-01-29 13:19:48'),
(1444, 'A020A61883C9', '1', '0', 248, 3, '2018-01-29 13:19:48'),
(1446, 'A020A61883C9', '1', '0', 245, 3, '2018-01-29 13:19:55'),
(1447, '5CCF7FEEE2D3', '1', '0', 123, 3, '2018-01-29 13:19:55'),
(1449, 'A020A61883C9', '1', '0', 244, 3, '2018-01-29 13:20:02'),
(1450, '5CCF7FEEE2D3', '1', '0', 123, 3, '2018-01-29 13:20:02'),
(1452, '5CCF7FEEE2D3', '1', '0', 135, 3, '2018-01-29 13:20:08'),
(1453, 'A020A61883C9', '1', '0', 254, 3, '2018-01-29 13:20:08'),
(1455, '5CCF7FEEE2D3', '1', '0', 135, 3, '2018-01-29 13:20:16'),
(1456, 'A020A61883C9', '1', '0', 253, 3, '2018-01-29 13:20:16'),
(1457, '6001940C1073', '1', '1', 85, 3, '2018-01-29 13:20:22'),
(1458, '5CCF7FEEE2D3', '1', '0', 135, 3, '2018-01-29 13:20:24'),
(1459, 'A020A61883C9', '1', '0', 250, 3, '2018-01-29 13:20:24'),
(1460, '6001940C1073', '1', '1', 85, 3, '2018-01-29 13:20:28'),
(1461, '5CCF7FEEE2D3', '1', '0', 136, 3, '2018-01-29 13:20:30'),
(1462, 'A020A61883C9', '1', '0', 251, 3, '2018-01-29 13:20:30'),
(1463, '6001940C1073', '1', '1', 85, 3, '2018-01-29 13:20:35'),
(1464, '5CCF7FEEE2D3', '1', '0', 133, 3, '2018-01-29 13:20:37'),
(1465, 'A020A61883C9', '1', '1', 65, 3, '2018-01-29 13:20:37'),
(1466, '6001940C1073', '1', '1', 85, 3, '2018-01-29 13:20:42'),
(1467, '5CCF7FEEE2D3', '1', '1', 72, 3, '2018-01-29 13:20:44'),
(1468, 'A020A61883C9', '1', '1', 65, 3, '2018-01-29 13:20:44'),
(1469, '6001940C1073', '1', '1', 85, 3, '2018-01-29 13:20:49'),
(1470, '5CCF7FEEE2D3', '1', '1', 72, 3, '2018-01-29 13:20:50'),
(1471, 'A020A61883C9', '1', '1', 65, 3, '2018-01-29 13:20:52'),
(1472, '6001940C1073', '1', '1', 85, 3, '2018-01-29 13:20:56'),
(1473, '5CCF7FEEE2D3', '1', '1', 72, 3, '2018-01-29 13:20:57'),
(1474, 'A020A61883C9', '1', '1', 65, 3, '2018-01-29 13:20:58'),
(1475, '6001940C1073', '1', '1', 85, 3, '2018-01-29 13:21:02'),
(1476, '5CCF7FEEE2D3', '0', '0', 158, 3, '2018-01-29 13:21:04'),
(1477, 'A020A61883C9', '1', '1', 65, 3, '2018-01-29 13:21:05'),
(1478, '6001940C1073', '1', '1', 85, 3, '2018-01-29 13:21:09'),
(1479, '5CCF7FEEE2D3', '1', '0', 146, 3, '2018-01-29 13:21:10'),
(1480, 'A020A61883C9', '0', '0', 244, 3, '2018-01-29 13:21:12'),
(1481, '6001940C1073', '0', '0', 120, 3, '2018-01-29 13:21:16'),
(1482, '5CCF7FEEE2D3', '1', '0', 124, 3, '2018-01-29 13:21:17'),
(1483, 'A020A61883C9', '1', '0', 245, 3, '2018-01-29 13:21:18'),
(1484, '6001940C1073', '1', '0', 108, 3, '2018-01-29 13:21:22'),
(1485, '5CCF7FEEE2D3', '1', '0', 124, 3, '2018-01-29 13:21:24'),
(1486, 'A020A61883C9', '1', '0', 242, 3, '2018-01-29 13:21:26'),
(1487, '6001940C1073', '1', '0', 107, 3, '2018-01-29 13:21:30'),
(1488, '5CCF7FEEE2D3', '1', '0', 124, 3, '2018-01-29 13:21:31'),
(1489, 'A020A61883C9', '1', '0', 244, 3, '2018-01-29 13:21:34'),
(1490, '6001940C1073', '1', '0', 107, 3, '2018-01-29 13:21:37'),
(1491, '5CCF7FEEE2D3', '1', '0', 123, 3, '2018-01-29 13:21:38'),
(1492, 'A020A61883C9', '1', '0', 246, 3, '2018-01-29 13:21:41'),
(1493, '6001940C1073', '1', '1', 85, 3, '2018-01-29 13:21:44'),
(1494, '5CCF7FEEE2D3', '1', '0', 142, 3, '2018-01-29 13:21:44'),
(1495, 'A020A61883C9', '1', '0', 255, 3, '2018-01-29 13:21:47'),
(1496, '6001940C1073', '0', '0', 122, 3, '2018-01-29 13:21:50'),
(1497, '5CCF7FEEE2D3', '1', '0', 125, 3, '2018-01-29 13:21:51'),
(1498, 'A020A61883C9', '1', '0', 251, 3, '2018-01-29 13:21:54'),
(1499, '6001940C1073', '1', '0', 113, 3, '2018-01-29 13:21:57'),
(1500, '5CCF7FEEE2D3', '1', '0', 133, 3, '2018-01-29 13:21:59'),
(1501, 'A020A61883C9', '1', '0', 257, 3, '2018-01-29 13:22:02'),
(1502, '6001940C1073', '1', '1', 85, 3, '2018-01-29 13:22:04'),
(1503, '5CCF7FEEE2D3', '1', '0', 149, 3, '2018-01-29 13:22:07'),
(1504, 'A020A61883C9', '1', '0', 265, 3, '2018-01-29 13:22:09'),
(1505, '6001940C1073', '1', '1', 85, 3, '2018-01-29 13:22:11'),
(1506, '5CCF7FEEE2D3', '1', '0', 148, 3, '2018-01-29 13:22:14'),
(1507, 'A020A61883C9', '1', '1', 65, 3, '2018-01-29 13:22:16'),
(1508, '6001940C1073', '1', '1', 85, 3, '2018-01-29 13:22:18'),
(1509, '5CCF7FEEE2D3', '1', '0', 155, 3, '2018-01-29 13:22:20'),
(1510, 'A020A61883C9', '1', '1', 65, 3, '2018-01-29 13:22:22'),
(1511, '6001940C1073', '1', '1', 85, 3, '2018-01-29 13:22:25'),
(1512, '5CCF7FEEE2D3', '1', '0', 148, 3, '2018-01-29 13:22:27'),
(1513, 'A020A61883C9', '0', '0', 253, 3, '2018-01-29 13:22:29'),
(1514, '6001940C1073', '1', '1', 85, 3, '2018-01-29 13:22:31'),
(1515, '5CCF7FEEE2D3', '1', '0', 137, 3, '2018-01-29 13:22:34'),
(1516, 'A020A61883C9', '1', '1', 65, 3, '2018-01-29 13:22:36'),
(1517, '6001940C1073', '1', '1', 85, 3, '2018-01-29 13:22:38'),
(1518, '5CCF7FEEE2D3', '1', '1', 72, 3, '2018-01-29 13:22:40'),
(1519, 'A020A61883C9', '1', '1', 65, 3, '2018-01-29 13:22:42'),
(1520, '6001940C1073', '1', '1', 85, 3, '2018-01-29 13:22:44'),
(1521, '5CCF7FEEE2D3', '1', '1', 72, 3, '2018-01-29 13:22:48'),
(1522, 'A020A61883C9', '1', '1', 65, 3, '2018-01-29 13:22:50'),
(1523, '6001940C1073', '0', '0', 147, 3, '2018-01-29 13:22:52'),
(1524, '5CCF7FEEE2D3', '1', '1', 72, 3, '2018-01-29 13:22:55'),
(1525, 'A020A61883C9', '1', '1', 65, 3, '2018-01-29 13:22:57'),
(1526, '6001940C1073', '1', '0', 138, 3, '2018-01-29 13:22:59'),
(1527, '5CCF7FEEE2D3', '1', '1', 72, 3, '2018-01-29 13:23:02'),
(1528, 'A020A61883C9', '1', '1', 65, 3, '2018-01-29 13:23:04'),
(1529, '6001940C1073', '1', '0', 124, 3, '2018-01-29 13:23:06'),
(1530, '5CCF7FEEE2D3', '1', '1', 72, 3, '2018-01-29 13:23:09'),
(1531, 'A020A61883C9', '0', '0', 233, 3, '2018-01-29 13:23:11'),
(1532, '6001940C1073', '1', '0', 107, 3, '2018-01-29 13:23:12'),
(1533, '5CCF7FEEE2D3', '1', '1', 72, 3, '2018-01-29 13:23:15'),
(1534, 'A020A61883C9', '1', '0', 232, 3, '2018-01-29 13:23:18'),
(1535, '6001940C1073', '1', '0', 100, 3, '2018-01-29 13:23:19'),
(1536, '5CCF7FEEE2D3', '1', '1', 72, 3, '2018-01-29 13:23:22'),
(1537, 'A020A61883C9', '1', '0', 222, 3, '2018-01-29 13:23:24'),
(1538, '6001940C1073', '1', '0', 97, 3, '2018-01-29 13:23:26'),
(1539, '5CCF7FEEE2D3', '1', '1', 72, 3, '2018-01-29 13:23:29'),
(1540, 'A020A61883C9', '1', '0', 218, 3, '2018-01-29 13:23:31'),
(1541, '6001940C1073', '1', '0', 91, 3, '2018-01-29 13:23:32'),
(1542, '5CCF7FEEE2D3', '1', '1', 72, 3, '2018-01-29 13:23:35'),
(1543, 'A020A61883C9', '1', '0', 253, 3, '2018-01-29 13:23:37'),
(1544, '6001940C1073', '1', '0', 125, 3, '2018-01-29 13:23:39'),
(1545, '5CCF7FEEE2D3', '1', '1', 72, 3, '2018-01-29 13:23:42'),
(1546, 'A020A61883C9', '1', '0', 253, 3, '2018-01-29 13:23:44'),
(1547, '6001940C1073', '1', '0', 113, 3, '2018-01-29 13:23:46'),
(1548, '5CCF7FEEE2D3', '1', '1', 72, 3, '2018-01-29 13:23:48'),
(1549, 'A020A61883C9', '1', '0', 270, 3, '2018-01-29 13:23:51'),
(1550, '6001940C1073', '1', '0', 124, 3, '2018-01-29 13:23:52'),
(1551, '5CCF7FEEE2D3', '1', '1', 72, 3, '2018-01-29 13:23:55'),
(1552, 'A020A61883C9', '1', '0', 259, 3, '2018-01-29 13:23:57'),
(1553, '6001940C1073', '1', '1', 84, 3, '2018-01-29 13:23:59'),
(1554, '5CCF7FEEE2D3', '1', '1', 72, 3, '2018-01-29 13:24:02');

-- --------------------------------------------------------

--
-- Struktur dari tabel `tabel_simulasi`
--

CREATE TABLE `tabel_simulasi` (
  `id_simulasi` int(11) NOT NULL,
  `kode_lampu` varchar(20) NOT NULL,
  `control` int(2) NOT NULL,
  `ldr1` int(5) NOT NULL,
  `ldr2` int(5) NOT NULL,
  `jam_awal` int(5) NOT NULL,
  `jam_akhir` int(5) NOT NULL,
  `tegangan` int(5) NOT NULL,
  `ldr1_threshold` int(5) NOT NULL,
  `ldr2_threshold` int(5) NOT NULL,
  `voltage_threshold` int(5) NOT NULL
) ENGINE=InnoDB DEFAULT CHARSET=latin1;

--
-- Dumping data untuk tabel `tabel_simulasi`
--

INSERT INTO `tabel_simulasi` (`id_simulasi`, `kode_lampu`, `control`, `ldr1`, `ldr2`, `jam_awal`, `jam_akhir`, `tegangan`, `ldr1_threshold`, `ldr2_threshold`, `voltage_threshold`) VALUES
(1, '6001940C1073', 0, 0, 0, 0, 0, 0, 500, 90, 3),
(5, 'A020A61883C9', 0, 0, 0, 0, 0, 0, 500, 170, 3),
(6, '5CCF7FEEE2D3', 0, 0, 0, 0, 0, 0, 500, 90, 3);

--
-- Indexes for dumped tables
--

--
-- Indexes for table `tabel_lampu`
--
ALTER TABLE `tabel_lampu`
  ADD PRIMARY KEY (`kode_lampu`);

--
-- Indexes for table `tabel_rekap`
--
ALTER TABLE `tabel_rekap`
  ADD PRIMARY KEY (`id_rekap`);

--
-- Indexes for table `tabel_simulasi`
--
ALTER TABLE `tabel_simulasi`
  ADD PRIMARY KEY (`id_simulasi`);

--
-- AUTO_INCREMENT for dumped tables
--

--
-- AUTO_INCREMENT for table `tabel_rekap`
--
ALTER TABLE `tabel_rekap`
  MODIFY `id_rekap` int(11) NOT NULL AUTO_INCREMENT, AUTO_INCREMENT=1555;
--
-- AUTO_INCREMENT for table `tabel_simulasi`
--
ALTER TABLE `tabel_simulasi`
  MODIFY `id_simulasi` int(11) NOT NULL AUTO_INCREMENT, AUTO_INCREMENT=7;
/*!40101 SET CHARACTER_SET_CLIENT=@OLD_CHARACTER_SET_CLIENT */;
/*!40101 SET CHARACTER_SET_RESULTS=@OLD_CHARACTER_SET_RESULTS */;
/*!40101 SET COLLATION_CONNECTION=@OLD_COLLATION_CONNECTION */;
