-- phpMyAdmin SQL Dump
-- version 4.8.0
-- https://www.phpmyadmin.net/
--
-- Host: 127.0.0.1
-- Waktu pembuatan: 13 Jul 2018 pada 14.06
-- Versi server: 10.1.31-MariaDB
-- Versi PHP: 7.2.4

SET SQL_MODE = "NO_AUTO_VALUE_ON_ZERO";
SET AUTOCOMMIT = 0;
START TRANSACTION;
SET time_zone = "+00:00";


/*!40101 SET @OLD_CHARACTER_SET_CLIENT=@@CHARACTER_SET_CLIENT */;
/*!40101 SET @OLD_CHARACTER_SET_RESULTS=@@CHARACTER_SET_RESULTS */;
/*!40101 SET @OLD_COLLATION_CONNECTION=@@COLLATION_CONNECTION */;
/*!40101 SET NAMES utf8mb4 */;

--
-- Database: `tubeses`
--

-- --------------------------------------------------------

--
-- Struktur dari tabel `tabel_lampu`
--

CREATE TABLE `tabel_lampu` (
  `kode_lampu` varchar(20) NOT NULL,
  `konstruksi_lampu` varchar(20) NOT NULL,
  `jenis_lampu` varchar(20) NOT NULL,
  `daya_lampu` int(20) NOT NULL,
  `merk_lampu` varchar(20) NOT NULL,
  `lokasi` varchar(70) NOT NULL
) ENGINE=InnoDB DEFAULT CHARSET=latin1;

--
-- Dumping data untuk tabel `tabel_lampu`
--

INSERT INTO `tabel_lampu` (`kode_lampu`, `konstruksi_lampu`, `jenis_lampu`, `daya_lampu`, `merk_lampu`, `lokasi`) VALUES
('5CCF7FEEE2D3', '1', '1', 1, '1', '1'),
('6001940C1073', 'C', 'A', 2, 'B', 'S'),
('A020A61883C9', '5', '4', 5, '5', '5');

-- --------------------------------------------------------

--
-- Struktur dari tabel `tabel_rekap`
--

CREATE TABLE `tabel_rekap` (
  `id_rekap` int(11) NOT NULL,
  `kode_lampu` varchar(20) NOT NULL,
  `kondisi` varchar(20) NOT NULL,
  `status` varchar(10) NOT NULL,
  `intensitas` int(50) NOT NULL,
  `tegangan` int(50) NOT NULL,
  `datetime` datetime NOT NULL
) ENGINE=InnoDB DEFAULT CHARSET=latin1;

--
-- Dumping data untuk tabel `tabel_rekap`
--

INSERT INTO `tabel_rekap` (`id_rekap`, `kode_lampu`, `kondisi`, `status`, `intensitas`, `tegangan`, `datetime`) VALUES
(3723, 'A020A61883C9', '0', '1', 25, 3, '2018-01-31 10:58:25'),
(3726, 'A020A61883C9', '0', '1', 27, 3, '2018-01-31 10:58:32'),
(3729, 'A020A61883C9', '0', '1', 26, 3, '2018-01-31 10:58:38'),
(3733, 'A020A61883C9', '0', '1', 25, 3, '2018-01-31 10:58:45'),
(3735, 'A020A61883C9', '0', '1', 26, 3, '2018-01-31 10:58:52'),
(3737, 'A020A61883C9', '0', '1', 25, 3, '2018-01-31 10:58:59'),
(3740, 'A020A61883C9', '0', '1', 25, 3, '2018-01-31 10:59:05'),
(3743, 'A020A61883C9', '0', '1', 26, 3, '2018-01-31 10:59:12'),
(3746, 'A020A61883C9', '0', '1', 26, 3, '2018-01-31 10:59:19'),
(3749, 'A020A61883C9', '0', '1', 26, 3, '2018-01-31 10:59:25'),
(3752, 'A020A61883C9', '0', '1', 28, 3, '2018-01-31 10:59:32'),
(3755, 'A020A61883C9', '0', '1', 26, 3, '2018-01-31 10:59:39'),
(3758, 'A020A61883C9', '0', '1', 26, 3, '2018-01-31 10:59:46'),
(3763, 'A020A61883C9', '0', '1', 27, 3, '2018-01-31 10:59:52'),
(3765, 'A020A61883C9', '0', '1', 25, 3, '2018-01-31 10:59:59'),
(3768, 'A020A61883C9', '0', '1', 25, 3, '2018-01-31 11:00:06'),
(3771, 'A020A61883C9', '0', '1', 25, 3, '2018-01-31 11:00:12'),
(3774, 'A020A61883C9', '0', '1', 25, 3, '2018-01-31 11:00:19'),
(3776, 'A020A61883C9', '0', '1', 26, 3, '2018-01-31 11:00:26'),
(3779, 'A020A61883C9', '0', '1', 26, 3, '2018-01-31 11:00:32'),
(3782, 'A020A61883C9', '0', '1', 26, 3, '2018-01-31 11:00:39'),
(3785, 'A020A61883C9', '0', '1', 27, 3, '2018-01-31 11:00:46'),
(3788, 'A020A61883C9', '0', '1', 26, 3, '2018-01-31 11:00:52'),
(3792, 'A020A61883C9', '0', '1', 32, 3, '2018-01-31 11:00:59'),
(3795, 'A020A61883C9', '0', '1', 25, 3, '2018-01-31 11:01:06'),
(3798, 'A020A61883C9', '0', '1', 25, 3, '2018-01-31 11:01:12'),
(3801, 'A020A61883C9', '0', '1', 25, 3, '2018-01-31 11:01:19'),
(3804, 'A020A61883C9', '0', '1', 25, 3, '2018-01-31 11:01:26'),
(3807, 'A020A61883C9', '0', '1', 25, 3, '2018-01-31 11:01:34'),
(3810, 'A020A61883C9', '0', '1', 26, 3, '2018-01-31 11:01:40'),
(3813, 'A020A61883C9', '0', '1', 26, 3, '2018-01-31 11:01:47'),
(3816, 'A020A61883C9', '0', '1', 25, 3, '2018-01-31 11:01:54'),
(3820, 'A020A61883C9', '0', '1', 25, 3, '2018-01-31 11:02:00'),
(3823, 'A020A61883C9', '0', '1', 25, 3, '2018-01-31 11:02:07'),
(3826, 'A020A61883C9', '0', '1', 26, 3, '2018-01-31 11:02:14'),
(3829, 'A020A61883C9', '0', '1', 26, 3, '2018-01-31 11:02:20'),
(3832, 'A020A61883C9', '0', '1', 26, 3, '2018-01-31 11:02:27'),
(3834, 'A020A61883C9', '0', '1', 25, 3, '2018-01-31 11:02:34'),
(3844, '5CCF7FEEE2D3', '1', '1', 28, 3, '2018-01-31 11:03:14'),
(3845, '6001940C1073', '1', '0', 346, 3, '2018-01-31 11:03:17'),
(3846, '5CCF7FEEE2D3', '1', '1', 28, 3, '2018-01-31 11:03:21'),
(3847, '6001940C1073', '1', '0', 347, 3, '2018-01-31 11:03:24'),
(3848, '5CCF7FEEE2D3', '1', '1', 28, 3, '2018-01-31 11:03:27'),
(3849, '6001940C1073', '1', '0', 356, 3, '2018-01-31 11:03:30'),
(3850, '5CCF7FEEE2D3', '1', '1', 28, 3, '2018-01-31 11:03:34'),
(3851, '6001940C1073', '1', '0', 348, 3, '2018-01-31 11:03:37'),
(3852, '5CCF7FEEE2D3', '1', '1', 29, 3, '2018-01-31 11:03:41'),
(3853, '6001940C1073', '1', '0', 344, 3, '2018-01-31 11:03:44'),
(3854, '5CCF7FEEE2D3', '1', '1', 25, 3, '2018-01-31 11:03:47'),
(3855, '6001940C1073', '1', '0', 344, 3, '2018-01-31 11:03:50'),
(3856, '5CCF7FEEE2D3', '1', '1', 28, 3, '2018-01-31 11:03:54'),
(3857, '6001940C1073', '1', '0', 343, 3, '2018-01-31 11:03:57'),
(3858, '5CCF7FEEE2D3', '1', '1', 28, 3, '2018-01-31 11:04:01'),
(3859, '6001940C1073', '1', '0', 344, 3, '2018-01-31 11:04:04'),
(3860, '5CCF7FEEE2D3', '1', '1', 28, 3, '2018-01-31 11:04:08'),
(3861, '6001940C1073', '1', '0', 357, 3, '2018-01-31 11:04:10'),
(3862, '5CCF7FEEE2D3', '1', '1', 27, 3, '2018-01-31 11:04:14'),
(3863, '6001940C1073', '1', '0', 352, 3, '2018-01-31 11:04:17'),
(3864, '5CCF7FEEE2D3', '1', '1', 28, 3, '2018-01-31 11:04:21'),
(3865, '6001940C1073', '1', '0', 350, 3, '2018-01-31 11:04:25'),
(3866, '5CCF7FEEE2D3', '1', '1', 28, 3, '2018-01-31 11:04:28'),
(3867, '6001940C1073', '1', '0', 348, 3, '2018-01-31 11:04:32'),
(3868, '5CCF7FEEE2D3', '1', '1', 28, 3, '2018-01-31 11:04:34'),
(3869, '6001940C1073', '1', '0', 348, 3, '2018-01-31 11:04:38'),
(3870, '5CCF7FEEE2D3', '1', '1', 27, 3, '2018-01-31 11:04:41'),
(3871, '6001940C1073', '1', '0', 349, 3, '2018-01-31 11:04:45'),
(3872, '5CCF7FEEE2D3', '1', '1', 27, 3, '2018-01-31 11:04:48'),
(3873, '6001940C1073', '1', '0', 348, 3, '2018-01-31 11:04:52'),
(3874, '5CCF7FEEE2D3', '1', '1', 27, 3, '2018-01-31 11:04:55'),
(3875, '6001940C1073', '1', '0', 348, 3, '2018-01-31 11:04:59'),
(3876, '5CCF7FEEE2D3', '1', '1', 28, 3, '2018-01-31 11:05:01'),
(3877, '6001940C1073', '1', '0', 348, 3, '2018-01-31 11:05:06'),
(3878, '5CCF7FEEE2D3', '1', '1', 27, 3, '2018-01-31 11:05:08'),
(3879, '6001940C1073', '1', '0', 349, 3, '2018-01-31 11:05:13'),
(3880, '5CCF7FEEE2D3', '1', '1', 28, 3, '2018-01-31 11:05:16'),
(3881, '6001940C1073', '1', '0', 350, 3, '2018-01-31 11:05:19'),
(3882, '5CCF7FEEE2D3', '1', '1', 28, 3, '2018-01-31 11:05:22'),
(3883, '6001940C1073', '1', '0', 349, 3, '2018-01-31 11:05:26'),
(3884, '5CCF7FEEE2D3', '1', '1', 25, 3, '2018-01-31 11:05:29'),
(3885, '6001940C1073', '1', '0', 348, 3, '2018-01-31 11:05:33'),
(3886, '5CCF7FEEE2D3', '1', '1', 27, 3, '2018-01-31 11:05:36'),
(3887, '6001940C1073', '1', '0', 348, 3, '2018-01-31 11:05:40'),
(3888, '5CCF7FEEE2D3', '1', '1', 27, 3, '2018-01-31 11:05:43'),
(3889, '6001940C1073', '1', '0', 348, 3, '2018-01-31 11:05:47'),
(3890, '5CCF7FEEE2D3', '1', '1', 27, 3, '2018-01-31 11:05:49'),
(3891, '6001940C1073', '1', '0', 348, 3, '2018-01-31 11:05:53'),
(3892, '5CCF7FEEE2D3', '1', '1', 27, 3, '2018-01-31 11:05:56'),
(3893, '6001940C1073', '1', '0', 348, 3, '2018-01-31 11:06:00'),
(3894, '5CCF7FEEE2D3', '1', '1', 27, 3, '2018-01-31 11:06:03'),
(3895, '6001940C1073', '1', '0', 348, 3, '2018-01-31 11:06:06'),
(3896, '5CCF7FEEE2D3', '1', '1', 27, 3, '2018-01-31 11:06:09'),
(3897, '6001940C1073', '1', '0', 347, 3, '2018-01-31 11:06:13'),
(3898, '5CCF7FEEE2D3', '1', '1', 27, 3, '2018-01-31 11:06:16'),
(3899, '6001940C1073', '1', '0', 347, 3, '2018-01-31 11:06:20'),
(3900, '5CCF7FEEE2D3', '1', '1', 27, 3, '2018-01-31 11:06:23'),
(3901, '6001940C1073', '1', '0', 348, 3, '2018-01-31 11:06:27'),
(3902, '5CCF7FEEE2D3', '1', '1', 28, 3, '2018-01-31 11:06:29'),
(3903, '6001940C1073', '1', '0', 347, 3, '2018-01-31 11:06:33'),
(3904, '5CCF7FEEE2D3', '1', '1', 27, 3, '2018-01-31 11:06:37'),
(3905, '6001940C1073', '1', '0', 347, 3, '2018-01-31 11:06:40'),
(3906, '5CCF7FEEE2D3', '1', '1', 26, 3, '2018-01-31 11:06:43'),
(3907, '6001940C1073', '1', '0', 348, 3, '2018-01-31 11:06:46'),
(3908, '5CCF7FEEE2D3', '1', '1', 27, 3, '2018-01-31 11:06:50'),
(3909, '6001940C1073', '1', '0', 347, 3, '2018-01-31 11:06:53'),
(3910, '5CCF7FEEE2D3', '1', '1', 28, 3, '2018-01-31 11:06:57'),
(3911, '6001940C1073', '1', '0', 347, 3, '2018-01-31 11:07:00'),
(3912, '5CCF7FEEE2D3', '1', '1', 27, 3, '2018-01-31 11:07:03'),
(3913, '6001940C1073', '1', '0', 348, 3, '2018-01-31 11:07:07'),
(3914, '5CCF7FEEE2D3', '1', '1', 27, 3, '2018-01-31 11:07:10'),
(3915, '6001940C1073', '1', '0', 348, 3, '2018-01-31 11:07:14'),
(3916, '5CCF7FEEE2D3', '1', '1', 27, 3, '2018-01-31 11:07:17'),
(3917, '6001940C1073', '1', '0', 347, 3, '2018-01-31 11:07:21'),
(3918, '5CCF7FEEE2D3', '1', '1', 27, 3, '2018-01-31 11:07:24'),
(3919, '6001940C1073', '1', '0', 347, 3, '2018-01-31 11:07:28'),
(3920, '5CCF7FEEE2D3', '1', '1', 28, 3, '2018-01-31 11:07:30'),
(3921, '6001940C1073', '1', '0', 348, 3, '2018-01-31 11:07:35'),
(3922, '5CCF7FEEE2D3', '1', '1', 28, 3, '2018-01-31 11:07:37'),
(3923, '6001940C1073', '1', '0', 347, 3, '2018-01-31 11:07:42'),
(3924, '5CCF7FEEE2D3', '1', '1', 28, 3, '2018-01-31 11:07:44'),
(3925, '5CCF7FEEE2D3', '1', '1', 29, 3, '2018-01-31 11:07:50'),
(3926, '5CCF7FEEE2D3', '0', '1', 19, 3, '2018-01-31 11:08:32'),
(3927, '5CCF7FEEE2D3', '1', '1', 27, 3, '2018-01-31 11:08:38'),
(3928, '5CCF7FEEE2D3', '1', '1', 29, 3, '2018-01-31 11:08:45'),
(3929, '5CCF7FEEE2D3', '1', '1', 29, 3, '2018-01-31 11:08:52');

-- --------------------------------------------------------

--
-- Struktur dari tabel `tabel_simulasi`
--

CREATE TABLE `tabel_simulasi` (
  `id_simulasi` int(11) NOT NULL,
  `kode_lampu` varchar(20) NOT NULL,
  `control` int(2) NOT NULL,
  `ldr1` int(5) NOT NULL,
  `ldr2` int(5) NOT NULL,
  `jam_awal` int(5) NOT NULL,
  `jam_akhir` int(5) NOT NULL,
  `tegangan` int(5) NOT NULL,
  `ldr1_threshold` int(5) NOT NULL,
  `ldr2_threshold` int(5) NOT NULL,
  `voltage_threshold` int(5) NOT NULL
) ENGINE=InnoDB DEFAULT CHARSET=latin1;

--
-- Dumping data untuk tabel `tabel_simulasi`
--

INSERT INTO `tabel_simulasi` (`id_simulasi`, `kode_lampu`, `control`, `ldr1`, `ldr2`, `jam_awal`, `jam_akhir`, `tegangan`, `ldr1_threshold`, `ldr2_threshold`, `voltage_threshold`) VALUES
(1, '6001940C1073', 1, 451, 847, 17, 19, 4, 500, 100, 3),
(5, 'A020A61883C9', 1, 451, 847, 17, 19, 4, 500, 100, 3),
(6, '5CCF7FEEE2D3', 1, 451, 847, 17, 19, 4, 500, 100, 3);

--
-- Indexes for dumped tables
--

--
-- Indeks untuk tabel `tabel_lampu`
--
ALTER TABLE `tabel_lampu`
  ADD PRIMARY KEY (`kode_lampu`);

--
-- Indeks untuk tabel `tabel_rekap`
--
ALTER TABLE `tabel_rekap`
  ADD PRIMARY KEY (`id_rekap`);

--
-- Indeks untuk tabel `tabel_simulasi`
--
ALTER TABLE `tabel_simulasi`
  ADD PRIMARY KEY (`id_simulasi`);

--
-- AUTO_INCREMENT untuk tabel yang dibuang
--

--
-- AUTO_INCREMENT untuk tabel `tabel_rekap`
--
ALTER TABLE `tabel_rekap`
  MODIFY `id_rekap` int(11) NOT NULL AUTO_INCREMENT, AUTO_INCREMENT=3930;

--
-- AUTO_INCREMENT untuk tabel `tabel_simulasi`
--
ALTER TABLE `tabel_simulasi`
  MODIFY `id_simulasi` int(11) NOT NULL AUTO_INCREMENT, AUTO_INCREMENT=7;
COMMIT;

/*!40101 SET CHARACTER_SET_CLIENT=@OLD_CHARACTER_SET_CLIENT */;
/*!40101 SET CHARACTER_SET_RESULTS=@OLD_CHARACTER_SET_RESULTS */;
/*!40101 SET COLLATION_CONNECTION=@OLD_COLLATION_CONNECTION */;
